batch,ts,model,input_tokens,output_tokens,est_cost_usd,n_records,ids
1,2026-04-30T15:38:08+00:00,claude-haiku-4-5-20251001,5030,1293,0.0029,10,"techport_10020,techport_10030,techport_10043,techport_10064,techport_10065,techport_10066,techport_10067,techport_10070,techport_10100,techport_10106"
2,2026-04-30T15:38:19+00:00,claude-haiku-4-5-20251001,5064,1744,0.0034,10,"techport_10114,techport_10131,techport_10160,techport_10179,techport_101819,techport_10182,techport_101826,techport_101829,techport_10183,techport_101832"
3,2026-04-30T15:38:34+00:00,claude-haiku-4-5-20251001,5601,1960,0.0039,10,"techport_101841,techport_10185,techport_101866,techport_101867,techport_10187,techport_101872,techport_101878,techport_101879,techport_101887,techport_10189"
4,2026-04-30T15:38:50+00:00,claude-haiku-4-5-20251001,5348,1541,0.0033,10,"techport_101891,techport_10190,techport_101900,techport_101914,techport_10192,techport_101921,techport_101922,techport_10193,techport_101933,techport_101938"
5,2026-04-30T15:39:01+00:00,claude-haiku-4-5-20251001,5174,1842,0.0036,10,"techport_101939,techport_10195,techport_10196,techport_10197,techport_101999,techport_102000,techport_102001,techport_102003,techport_102007,techport_10202"
1,2026-04-30T15:40:46+00:00,claude-haiku-4-5-20251001,6558,2162,0.0043,10,"techport_102020,techport_102023,techport_102027,techport_102028,techport_102029,techport_102030,techport_102031,techport_102034,techport_102057,techport_10206"
2,2026-04-30T15:41:04+00:00,claude-haiku-4-5-20251001,6036,1658,0.0036,10,"techport_102061,techport_102072,techport_102073,techport_10208,techport_102087,techport_102096,techport_102128,techport_102131,techport_102133,techport_102137"
3,2026-04-30T15:41:20+00:00,claude-haiku-4-5-20251001,5710,1489,0.0033,10,"techport_102139,techport_102140,techport_102144,techport_102145,techport_102146,techport_102151,techport_102152,techport_10216,techport_102161,techport_102173"
4,2026-04-30T15:41:32+00:00,claude-haiku-4-5-20251001,5683,1521,0.0033,10,"techport_102174,techport_102175,techport_102176,techport_10218,techport_102180,techport_102182,techport_102183,techport_10220,techport_10221,techport_102224"
5,2026-04-30T15:41:43+00:00,claude-haiku-4-5-20251001,6064,2150,0.0042,10,"techport_102225,techport_102227,techport_102228,techport_102229,techport_10223,techport_102267,techport_102268,techport_102274,techport_102275,techport_102276"
6,2026-04-30T15:41:58+00:00,claude-haiku-4-5-20251001,5022,1384,0.0030,10,"techport_102278,techport_102318,techport_102333,techport_10234,techport_102340,techport_102341,techport_102343,techport_10235,techport_10236,techport_102373"
7,2026-04-30T15:42:08+00:00,claude-haiku-4-5-20251001,4713,1679,0.0033,10,"techport_102377,techport_10238,techport_102384,techport_10239,techport_102396,techport_102407,techport_102412,techport_102419,techport_10242,techport_102433"
8,2026-04-30T15:42:21+00:00,claude-haiku-4-5-20251001,5316,2018,0.0039,10,"techport_102435,techport_102439,techport_102444,techport_10245,techport_10247,techport_102471,techport_102472,techport_102474,techport_102476,techport_102481"
9,2026-04-30T15:42:38+00:00,claude-haiku-4-5-20251001,5691,1650,0.0035,10,"techport_102488,techport_102489,techport_10249,techport_102504,techport_102509,techport_102523,techport_102525,techport_102529,techport_102538,techport_102544"
10,2026-04-30T15:42:50+00:00,claude-haiku-4-5-20251001,6560,1608,0.0037,10,"techport_102557,techport_102592,techport_102607,techport_102619,techport_10262,techport_102626,techport_102631,techport_10265,techport_102652,techport_102662"
11,2026-04-30T15:43:04+00:00,claude-haiku-4-5-20251001,5921,1594,0.0035,10,"techport_102669,techport_10269,techport_102708,techport_102717,techport_10272,techport_102720,techport_102721,techport_102723,techport_102742,techport_102746"
12,2026-04-30T15:43:15+00:00,claude-haiku-4-5-20251001,6449,1551,0.0036,10,"techport_10275,techport_102752,techport_102754,techport_102779,techport_102782,techport_102787,techport_102813,techport_102815,techport_102834,techport_102837"
13,2026-04-30T15:43:28+00:00,claude-haiku-4-5-20251001,6390,2244,0.0044,10,"techport_102845,techport_102858,techport_102861,techport_102867,techport_102871,techport_102872,techport_102881,techport_102899,techport_102902,techport_102905"
14,2026-04-30T15:43:49+00:00,claude-haiku-4-5-20251001,6067,1529,0.0034,10,"techport_102921,techport_102923,techport_102931,techport_102932,techport_102955,techport_102982,techport_102999,techport_103005,techport_103008,techport_103010"
15,2026-04-30T15:44:02+00:00,claude-haiku-4-5-20251001,6344,1545,0.0035,10,"techport_103018,techport_103040,techport_103052,techport_103061,techport_103071,techport_103072,techport_103076,techport_103088,techport_103091,techport_103098"
16,2026-04-30T15:44:13+00:00,claude-haiku-4-5-20251001,6875,1527,0.0036,10,"techport_103108,techport_103112,techport_103135,techport_103157,techport_103158,techport_10318,techport_10320,techport_10340,techport_10341,techport_10346"
17,2026-04-30T15:44:26+00:00,claude-haiku-4-5-20251001,6595,1506,0.0035,10,"techport_10357,techport_10385,techport_10395,techport_10402,techport_10406,techport_10416,techport_10440,techport_10451,techport_10453,techport_10456"
18,2026-04-30T15:44:38+00:00,claude-haiku-4-5-20251001,6224,1808,0.0038,10,"techport_10462,techport_10535,techport_10557,techport_10562,techport_105644,techport_105671,techport_10582,techport_10585,techport_10592,techport_10597"
19,2026-04-30T15:44:52+00:00,claude-haiku-4-5-20251001,5943,2251,0.0043,10,"techport_106023,techport_106032,techport_106044,techport_106057,techport_10618,techport_10632,techport_106557,techport_106559,techport_106578,techport_106597"
20,2026-04-30T15:45:10+00:00,claude-haiku-4-5-20251001,6387,1549,0.0035,10,"techport_106604,techport_106645,techport_106646,techport_106650,techport_106653,techport_106654,techport_106663,techport_106669,techport_106675,techport_106684"
21,2026-04-30T15:45:23+00:00,claude-haiku-4-5-20251001,5812,2598,0.0047,10,"techport_106686,techport_106688,techport_106694,techport_106717,techport_106741,techport_106744,techport_106819,techport_106830,techport_106836,techport_112798"
22,2026-04-30T15:45:45+00:00,claude-haiku-4-5-20251001,6488,1868,0.0040,10,"techport_112806,techport_112808,techport_112817,techport_112821,techport_112832,techport_112855,techport_112856,techport_112865,techport_112879,techport_112889"
23,2026-04-30T15:46:01+00:00,claude-haiku-4-5-20251001,6135,1302,0.0032,10,"techport_112890,techport_112913,techport_112938,techport_112950,techport_112976,techport_113035,techport_113042,techport_113050,techport_113055,techport_113062"
24,2026-04-30T15:46:11+00:00,claude-haiku-4-5-20251001,6611,1966,0.0041,10,"techport_113063,techport_113064,techport_113066,techport_113070,techport_113085,techport_113089,techport_113097,techport_113099,techport_113104,techport_113152"
25,2026-04-30T15:46:26+00:00,claude-haiku-4-5-20251001,6851,2404,0.0047,10,"techport_113153,techport_113167,techport_113221,techport_113223,techport_113224,techport_113248,techport_113249,techport_113253,techport_113270,techport_113283"
26,2026-04-30T15:46:46+00:00,claude-haiku-4-5-20251001,6832,1906,0.0041,10,"techport_113309,techport_113319,techport_113331,techport_113340,techport_113342,techport_113345,techport_113355,techport_113376,techport_113383,techport_113400"
27,2026-04-30T15:46:59+00:00,claude-haiku-4-5-20251001,7141,2905,0.0054,10,"techport_113409,techport_113416,techport_113427,techport_113429,techport_113453,techport_113457,techport_113470,techport_113479,techport_113490,techport_113492"
28,2026-04-30T15:47:21+00:00,claude-haiku-4-5-20251001,6857,1856,0.0040,10,"techport_113493,techport_113503,techport_113510,techport_113514,techport_113515,techport_113522,techport_113546,techport_11472,techport_11473,techport_11476"
29,2026-04-30T15:47:36+00:00,claude-haiku-4-5-20251001,5689,1741,0.0036,10,"techport_11493,techport_11494,techport_11530,techport_11538,techport_11549,techport_11552,techport_116093,techport_116265,techport_116282,techport_116291"
30,2026-04-30T15:47:49+00:00,claude-haiku-4-5-20251001,5696,1600,0.0034,10,"techport_116298,techport_116302,techport_116303,techport_116305,techport_116306,techport_116307,techport_116309,techport_116314,techport_116317,techport_116320"
31,2026-04-30T15:48:00+00:00,claude-haiku-4-5-20251001,5230,1836,0.0036,10,"techport_116321,techport_116328,techport_116329,techport_116330,techport_116331,techport_116338,techport_116345,techport_116363,techport_116364,techport_116366"
32,2026-04-30T15:48:14+00:00,claude-haiku-4-5-20251001,6585,1889,0.0040,10,"techport_116368,techport_116371,techport_116383,techport_116390,techport_116391,techport_116392,techport_116395,techport_116408,techport_116413,techport_116430"
33,2026-04-30T15:48:27+00:00,claude-haiku-4-5-20251001,6087,1355,0.0032,10,"techport_117015,techport_117025,techport_11723,techport_117427,techport_117430,techport_117442,techport_117460,techport_117466,techport_117476,techport_117510"
34,2026-04-30T15:48:38+00:00,claude-haiku-4-5-20251001,4983,2283,0.0041,10,"techport_117512,techport_117513,techport_117525,techport_117526,techport_117528,techport_117537,techport_117539,techport_117541,techport_118272,techport_118274"
35,2026-04-30T15:48:54+00:00,claude-haiku-4-5-20251001,5581,1905,0.0038,10,"techport_118280,techport_118281,techport_118285,techport_118294,techport_118303,techport_118304,techport_118308,techport_118321,techport_118345,techport_118353"
36,2026-04-30T15:49:10+00:00,claude-haiku-4-5-20251001,5864,2075,0.0041,10,"techport_118355,techport_118359,techport_118391,techport_118394,techport_118395,techport_118402,techport_118414,techport_118416,techport_118423,techport_118440"
37,2026-04-30T15:49:28+00:00,claude-haiku-4-5-20251001,5759,1967,0.0039,10,"techport_118452,techport_118460,techport_118466,techport_118467,techport_118468,techport_118471,techport_118474,techport_118488,techport_118494,techport_118499"
38,2026-04-30T15:49:44+00:00,claude-haiku-4-5-20251001,5703,1616,0.0034,10,"techport_11941,techport_11962,techport_11965,techport_12016,techport_12019,techport_12036,techport_12037,techport_12080,techport_12082,techport_12094"
39,2026-04-30T15:49:58+00:00,claude-haiku-4-5-20251001,5749,1746,0.0036,10,"techport_12100,techport_12112,techport_12128,techport_12129,techport_12146,techport_12188,techport_12189,techport_12207,techport_12242,techport_12243"
40,2026-04-30T15:50:11+00:00,claude-haiku-4-5-20251001,5513,1431,0.0032,10,"techport_12244,techport_12262,techport_12293,techport_12299,techport_12301,techport_12377,techport_12423,techport_12433,techport_12434,techport_12436"
41,2026-04-30T15:50:22+00:00,claude-haiku-4-5-20251001,6744,1581,0.0037,10,"techport_125301,techport_125309,techport_125321,techport_125340,techport_125351,techport_125353,techport_125355,techport_125364,techport_125373,techport_125374"
42,2026-04-30T15:50:35+00:00,claude-haiku-4-5-20251001,7077,1573,0.0037,10,"techport_125378,techport_125385,techport_125389,techport_125391,techport_125404,techport_125410,techport_125413,techport_125426,techport_125446,techport_125449"
43,2026-04-30T15:50:47+00:00,claude-haiku-4-5-20251001,6710,2071,0.0043,10,"techport_125450,techport_125453,techport_125454,techport_125458,techport_125472,techport_125493,techport_125516,techport_125534,techport_125539,techport_125552"
44,2026-04-30T15:51:01+00:00,claude-haiku-4-5-20251001,6598,1415,0.0034,10,"techport_125560,techport_125571,techport_125581,techport_125582,techport_125599,techport_125606,techport_125607,techport_125611,techport_125619,techport_125628"
45,2026-04-30T15:51:16+00:00,claude-haiku-4-5-20251001,6949,1587,0.0037,10,"techport_125644,techport_125647,techport_125648,techport_125649,techport_125670,techport_125677,techport_125681,techport_125684,techport_125689,techport_125691"
46,2026-04-30T15:51:28+00:00,claude-haiku-4-5-20251001,7157,1886,0.0041,10,"techport_125707,techport_125708,techport_125722,techport_125723,techport_125746,techport_125765,techport_125766,techport_125775,techport_125782,techport_125786"
47,2026-04-30T15:51:41+00:00,claude-haiku-4-5-20251001,6905,1678,0.0038,10,"techport_125804,techport_125807,techport_125811,techport_125812,techport_125815,techport_125821,techport_12801,techport_12864,techport_12942,techport_13564"
48,2026-04-30T15:51:55+00:00,claude-haiku-4-5-20251001,4007,1242,0.0026,10,"techport_13593,techport_13600,techport_13613,techport_13652,techport_13653,techport_13680,techport_13709,techport_13710,techport_13713,techport_13714"
49,2026-04-30T15:52:04+00:00,claude-haiku-4-5-20251001,5409,1448,0.0032,10,"techport_13716,techport_13720,techport_13735,techport_13759,techport_13763,techport_14424,techport_14470,techport_14543,techport_14545,techport_145966"
50,2026-04-30T15:52:15+00:00,claude-haiku-4-5-20251001,5422,1488,0.0032,10,"techport_145972,techport_146055,techport_146059,techport_146060,techport_146078,techport_146127,techport_146128,techport_146159,techport_146168,techport_146177"
51,2026-04-30T15:52:27+00:00,claude-haiku-4-5-20251001,6622,1704,0.0038,10,"techport_146180,techport_146181,techport_146183,techport_146186,techport_146188,techport_146189,techport_146194,techport_146222,techport_146223,techport_146224"
52,2026-04-30T15:52:40+00:00,claude-haiku-4-5-20251001,5497,1637,0.0034,10,"techport_146226,techport_146227,techport_146238,techport_146247,techport_146255,techport_146290,techport_146291,techport_146293,techport_146337,techport_146388"
53,2026-04-30T15:52:53+00:00,claude-haiku-4-5-20251001,4838,1259,0.0028,10,"techport_146405,techport_146406,techport_146414,techport_146415,techport_146418,techport_146447,techport_146449,techport_146451,techport_146453,techport_146474"
54,2026-04-30T15:53:03+00:00,claude-haiku-4-5-20251001,4542,1829,0.0034,10,"techport_146476,techport_146477,techport_146480,techport_146487,techport_146518,techport_146519,techport_146524,techport_146533,techport_14654,techport_146555"
55,2026-04-30T15:53:16+00:00,claude-haiku-4-5-20251001,4314,1965,0.0035,10,"techport_146557,techport_146558,techport_146628,techport_146761,techport_146886,techport_146890,techport_146899,techport_146906,techport_146912,techport_146913"
56,2026-04-30T15:53:29+00:00,claude-haiku-4-5-20251001,5488,1795,0.0036,10,"techport_146914,techport_146918,techport_146946,techport_146947,techport_146948,techport_146959,techport_146999,techport_14700,techport_147004,techport_147019"
57,2026-04-30T15:53:43+00:00,claude-haiku-4-5-20251001,6847,1677,0.0038,10,"techport_14735,techport_14736,techport_14759,techport_14800,techport_154323,techport_154330,techport_154336,techport_154339,techport_154345,techport_154350"
58,2026-04-30T15:53:55+00:00,claude-haiku-4-5-20251001,6797,2241,0.0045,10,"techport_154356,techport_154359,techport_154367,techport_154368,techport_154369,techport_154382,techport_154397,techport_154399,techport_154406,techport_154421"
59,2026-04-30T15:54:14+00:00,claude-haiku-4-5-20251001,7084,2122,0.0044,10,"techport_154424,techport_154425,techport_154430,techport_154439,techport_154460,techport_154461,techport_154474,techport_154475,techport_154482,techport_154494"
60,2026-04-30T15:54:32+00:00,claude-haiku-4-5-20251001,6822,2332,0.0046,10,"techport_154501,techport_154525,techport_154530,techport_154533,techport_154543,techport_154544,techport_154548,techport_154552,techport_154557,techport_154566"
61,2026-04-30T15:54:52+00:00,claude-haiku-4-5-20251001,6465,1643,0.0037,10,"techport_154570,techport_154575,techport_154576,techport_154577,techport_154581,techport_154587,techport_154589,techport_154594,techport_154600,techport_154608"
62,2026-04-30T15:55:04+00:00,claude-haiku-4-5-20251001,6830,2344,0.0046,10,"techport_154614,techport_154624,techport_154631,techport_154633,techport_154641,techport_154646,techport_154668,techport_154674,techport_154684,techport_154694"
63,2026-04-30T15:55:24+00:00,claude-haiku-4-5-20251001,7167,2253,0.0046,10,"techport_154716,techport_154721,techport_154728,techport_154729,techport_154736,techport_154740,techport_154742,techport_154747,techport_154748,techport_154751"
64,2026-04-30T15:55:43+00:00,claude-haiku-4-5-20251001,7042,1562,0.0037,10,"techport_154768,techport_154772,techport_154775,techport_154777,techport_154778,techport_154789,techport_154793,techport_154803,techport_154809,techport_154818"
65,2026-04-30T15:55:55+00:00,claude-haiku-4-5-20251001,5952,1561,0.0034,10,"techport_154855,techport_154857,techport_154858,techport_154862,techport_155240,techport_155244,techport_155245,techport_156319,techport_156322,techport_156348"
66,2026-04-30T15:56:08+00:00,claude-haiku-4-5-20251001,5207,1804,0.0036,10,"techport_156353,techport_156369,techport_156383,techport_156386,techport_156387,techport_156726,techport_156731,techport_156733,techport_156737,techport_156739"
67,2026-04-30T15:56:21+00:00,claude-haiku-4-5-20251001,5953,1991,0.0040,10,"techport_156740,techport_156768,techport_156774,techport_156778,techport_156780,techport_156786,techport_156788,techport_156791,techport_156796,techport_156800"
68,2026-04-30T15:56:34+00:00,claude-haiku-4-5-20251001,5581,1774,0.0036,10,"techport_156815,techport_156816,techport_156826,techport_156828,techport_156830,techport_156832,techport_156838,techport_156839,techport_156843,techport_156847"
69,2026-04-30T15:56:47+00:00,claude-haiku-4-5-20251001,5827,1862,0.0038,10,"techport_156852,techport_156858,techport_156859,techport_156861,techport_156886,techport_156897,techport_156968,techport_156977,techport_156983,techport_157002"
70,2026-04-30T15:57:00+00:00,claude-haiku-4-5-20251001,6132,2338,0.0045,10,"techport_157004,techport_157011,techport_157085,techport_157086,techport_157150,techport_157167,techport_157222,techport_157231,techport_157251,techport_157252"
71,2026-04-30T15:57:20+00:00,claude-haiku-4-5-20251001,5646,1525,0.0033,10,"techport_157257,techport_157299,techport_157306,techport_157312,techport_157321,techport_157332,techport_157378,techport_157386,techport_157390,techport_157412"
72,2026-04-30T15:57:33+00:00,claude-haiku-4-5-20251001,6346,2282,0.0044,10,"techport_157423,techport_157435,techport_157438,techport_157726,techport_157885,techport_157887,techport_157922,techport_158003,techport_158018,techport_158019"
73,2026-04-30T15:57:52+00:00,claude-haiku-4-5-20251001,6707,2430,0.0047,10,"techport_158038,techport_158040,techport_158070,techport_158076,techport_158085,techport_158087,techport_158179,techport_158202,techport_158209,techport_158213"
74,2026-04-30T15:58:12+00:00,claude-haiku-4-5-20251001,6279,1789,0.0038,10,"techport_158218,techport_158221,techport_158224,techport_158225,techport_158233,techport_158234,techport_158239,techport_158240,techport_158242,techport_158243"
75,2026-04-30T15:58:27+00:00,claude-haiku-4-5-20251001,6153,1590,0.0035,10,"techport_158249,techport_158346,techport_158390,techport_158408,techport_158412,techport_158419,techport_158421,techport_158424,techport_158435,techport_158444"
76,2026-04-30T15:58:39+00:00,claude-haiku-4-5-20251001,6399,1766,0.0038,10,"techport_158457,techport_158473,techport_158482,techport_158483,techport_158487,techport_158490,techport_158495,techport_158513,techport_158514,techport_158516"
77,2026-04-30T15:58:53+00:00,claude-haiku-4-5-20251001,6562,1465,0.0035,10,"techport_158520,techport_158525,techport_158542,techport_158551,techport_158554,techport_158569,techport_158580,techport_158584,techport_158598,techport_158600"
78,2026-04-30T15:59:05+00:00,claude-haiku-4-5-20251001,6346,2855,0.0052,10,"techport_158615,techport_158617,techport_158625,techport_158631,techport_158632,techport_158634,techport_158642,techport_158644,techport_158662,techport_158663"
79,2026-04-30T15:59:29+00:00,claude-haiku-4-5-20251001,6578,1494,0.0035,10,"techport_158666,techport_158681,techport_158697,techport_158702,techport_158705,techport_158706,techport_158710,techport_158735,techport_158739,techport_158740"
80,2026-04-30T15:59:42+00:00,claude-haiku-4-5-20251001,6748,2397,0.0047,10,"techport_158741,techport_158768,techport_16152,techport_16153,techport_16159,techport_16556,techport_16564,techport_16576,techport_16580,techport_16593"
81,2026-04-30T16:00:03+00:00,claude-haiku-4-5-20251001,6289,2151,0.0043,10,"techport_16595,techport_16611,techport_16617,techport_16623,techport_16627,techport_16629,techport_16637,techport_16665,techport_16674,techport_16682"
82,2026-04-30T16:00:21+00:00,claude-haiku-4-5-20251001,6789,1586,0.0037,10,"techport_16685,techport_16693,techport_16695,techport_16697,techport_16702,techport_16703,techport_16705,techport_16707,techport_16716,techport_16719"
83,2026-04-30T16:00:32+00:00,claude-haiku-4-5-20251001,6521,1652,0.0037,10,"techport_16723,techport_16739,techport_16755,techport_16765,techport_16780,techport_16787,techport_16799,techport_16806,techport_16810,techport_16813"
84,2026-04-30T16:00:46+00:00,claude-haiku-4-5-20251001,6235,1873,0.0039,10,"techport_16838,techport_16841,techport_16843,techport_16845,techport_16846,techport_17313,techport_17379,techport_17419,techport_17550,techport_17553"
85,2026-04-30T16:01:03+00:00,claude-haiku-4-5-20251001,6664,1616,0.0037,10,"techport_17735,techport_17742,techport_17743,techport_17750,techport_17755,techport_17772,techport_17778,techport_17779,techport_17792,techport_17797"
86,2026-04-30T16:01:15+00:00,claude-haiku-4-5-20251001,6805,1642,0.0038,10,"techport_17803,techport_17805,techport_17807,techport_17809,techport_17821,techport_17822,techport_17826,techport_17847,techport_17853,techport_17860"
87,2026-04-30T16:01:28+00:00,claude-haiku-4-5-20251001,6360,1759,0.0038,10,"techport_17868,techport_17870,techport_17876,techport_17896,techport_17900,techport_17903,techport_17907,techport_17917,techport_17918,techport_17920"
88,2026-04-30T16:01:41+00:00,claude-haiku-4-5-20251001,6910,2530,0.0049,10,"techport_17938,techport_17991,techport_18016,techport_18019,techport_18033,techport_18064,techport_18066,techport_18077,techport_18109,techport_18137"
89,2026-04-30T16:02:06+00:00,claude-haiku-4-5-20251001,6637,1466,0.0035,10,"techport_18141,techport_18142,techport_18146,techport_18156,techport_18161,techport_18185,techport_18189,techport_18195,techport_18196,techport_18207"
90,2026-04-30T16:02:18+00:00,claude-haiku-4-5-20251001,6686,1679,0.0038,10,"techport_18208,techport_18213,techport_18218,techport_182199,techport_18226,techport_18227,techport_18228,techport_182324,techport_182325,techport_18241"
91,2026-04-30T16:02:30+00:00,claude-haiku-4-5-20251001,6231,1280,0.0032,10,"techport_18261,techport_182790,techport_18288,techport_182890,techport_182895,techport_182909,techport_182931,techport_182968,techport_182969,techport_182972"
92,2026-04-30T16:02:40+00:00,claude-haiku-4-5-20251001,6234,1625,0.0036,10,"techport_18304,techport_18308,techport_18313,techport_18340,techport_18356,techport_183670,techport_183672,techport_183689,techport_183693,techport_183704"
93,2026-04-30T16:02:53+00:00,claude-haiku-4-5-20251001,6378,2505,0.0047,10,"techport_183705,techport_183711,techport_18374,techport_183844,techport_183846,techport_184049,techport_184139,techport_184142,techport_184145,techport_184153"
94,2026-04-30T16:03:10+00:00,claude-haiku-4-5-20251001,7293,1731,0.0040,10,"techport_18419,techport_184347,techport_18452,techport_18456,techport_184608,techport_184613,techport_184627,techport_184645,techport_184650,techport_184665"
95,2026-04-30T16:03:25+00:00,claude-haiku-4-5-20251001,6700,1560,0.0036,10,"techport_184667,techport_184670,techport_184671,techport_184677,techport_184679,techport_18486,techport_18491,techport_18634,techport_19136,techport_23242"
96,2026-04-30T16:03:37+00:00,claude-haiku-4-5-20251001,6731,1839,0.0040,10,"techport_23598,techport_23613,techport_23873,techport_24797,techport_32409,techport_32410,techport_32421,techport_32426,techport_32720,techport_32724"
97,2026-04-30T16:03:51+00:00,claude-haiku-4-5-20251001,7216,1868,0.0041,10,"techport_32725,techport_32727,techport_32729,techport_32730,techport_32732,techport_32734,techport_33080,techport_33113,techport_33137,techport_33148"
98,2026-04-30T16:04:06+00:00,claude-haiku-4-5-20251001,6318,1725,0.0037,10,"techport_33165,techport_33172,techport_33193,techport_33229,techport_33233,techport_33282,techport_33320,techport_33351,techport_33365,techport_33387"
99,2026-04-30T16:04:19+00:00,claude-haiku-4-5-20251001,7394,1761,0.0040,10,"techport_33413,techport_33458,techport_33477,techport_33490,techport_33503,techport_33509,techport_33520,techport_33535,techport_33538,techport_33562"
100,2026-04-30T16:04:34+00:00,claude-haiku-4-5-20251001,6788,1515,0.0036,10,"techport_33599,techport_33601,techport_33658,techport_33669,techport_33688,techport_33701,techport_33750,techport_33751,techport_33757,techport_33802"
101,2026-04-30T16:04:47+00:00,claude-haiku-4-5-20251001,6464,1671,0.0037,10,"techport_33828,techport_33844,techport_33936,techport_34038,techport_34040,techport_34044,techport_34096,techport_34101,techport_34109,techport_34118"
102,2026-04-30T16:05:00+00:00,claude-haiku-4-5-20251001,6881,1681,0.0038,10,"techport_34135,techport_34150,techport_34177,techport_34187,techport_34943,techport_34947,techport_34963,techport_34970,techport_40610,techport_40686"
103,2026-04-30T16:05:13+00:00,claude-haiku-4-5-20251001,4933,1477,0.0031,10,"techport_40687,techport_40805,techport_40806,techport_4227,techport_4275,techport_4381,techport_4732,techport_4823,techport_4861,techport_4908"
104,2026-04-30T16:05:24+00:00,claude-haiku-4-5-20251001,4760,1552,0.0031,10,"techport_4909,techport_4910,techport_4914,techport_4916,techport_4917,techport_4919,techport_4924,techport_4945,techport_4946,techport_4951"
105,2026-04-30T16:05:35+00:00,claude-haiku-4-5-20251001,5191,1448,0.0031,10,"techport_4966,techport_4967,techport_4969,techport_4973,techport_4982,techport_4996,techport_5014,techport_5044,techport_5061,techport_5082"
106,2026-04-30T16:05:47+00:00,claude-haiku-4-5-20251001,4723,1513,0.0031,10,"techport_5085,techport_5099,techport_5104,techport_5108,techport_5118,techport_5123,techport_5130,techport_5134,techport_5141,techport_5146"
107,2026-04-30T16:05:59+00:00,claude-haiku-4-5-20251001,5138,1724,0.0034,10,"techport_5149,techport_5155,techport_5163,techport_5172,techport_5175,techport_5180,techport_5197,techport_5199,techport_5206,techport_5209"
108,2026-04-30T16:06:11+00:00,claude-haiku-4-5-20251001,4886,1760,0.0034,10,"techport_5221,techport_5223,techport_5233,techport_5241,techport_5255,techport_5259,techport_5273,techport_5276,techport_5304,techport_5334"
109,2026-04-30T16:06:24+00:00,claude-haiku-4-5-20251001,4931,1596,0.0032,10,"techport_5341,techport_5342,techport_5349,techport_5351,techport_5369,techport_5383,techport_5384,techport_5398,techport_5416,techport_5442"
110,2026-04-30T16:06:38+00:00,claude-haiku-4-5-20251001,5214,1639,0.0034,10,"techport_5443,techport_5458,techport_5464,techport_5466,techport_5472,techport_5478,techport_5480,techport_5499,techport_5517,techport_5541"
111,2026-04-30T16:06:49+00:00,claude-haiku-4-5-20251001,5465,2123,0.0040,10,"techport_5550,techport_5554,techport_5567,techport_5578,techport_5579,techport_5581,techport_5582,techport_5586,techport_5589,techport_5608"
112,2026-04-30T16:07:07+00:00,claude-haiku-4-5-20251001,5273,1990,0.0038,10,"techport_5615,techport_5620,techport_5624,techport_5632,techport_5640,techport_5645,techport_5658,techport_5665,techport_5666,techport_5702"
113,2026-04-30T16:07:23+00:00,claude-haiku-4-5-20251001,5291,1553,0.0033,10,"techport_5708,techport_5713,techport_5715,techport_5717,techport_5743,techport_5746,techport_5747,techport_5768,techport_5769,techport_5782"
114,2026-04-30T16:07:35+00:00,claude-haiku-4-5-20251001,5455,2122,0.0040,10,"techport_5785,techport_5796,techport_5801,techport_5814,techport_5818,techport_5838,techport_5855,techport_5870,techport_5871,techport_5904"
115,2026-04-30T16:07:54+00:00,claude-haiku-4-5-20251001,5198,2054,0.0039,10,"techport_5911,techport_5914,techport_5915,techport_5919,techport_5925,techport_5930,techport_5931,techport_5938,techport_5955,techport_5964"
116,2026-04-30T16:08:09+00:00,claude-haiku-4-5-20251001,5441,1529,0.0033,10,"techport_5989,techport_6011,techport_6029,techport_6036,techport_6038,techport_6044,techport_6051,techport_6052,techport_6057,techport_6059"
117,2026-04-30T16:08:21+00:00,claude-haiku-4-5-20251001,5104,1724,0.0034,10,"techport_6060,techport_6074,techport_6091,techport_6096,techport_6105,techport_6111,techport_6125,techport_6135,techport_6137,techport_6146"
118,2026-04-30T16:08:34+00:00,claude-haiku-4-5-20251001,5047,1626,0.0033,10,"techport_6147,techport_6158,techport_6161,techport_6182,techport_6184,techport_6194,techport_6196,techport_6213,techport_6220,techport_6221"
119,2026-04-30T16:08:46+00:00,claude-haiku-4-5-20251001,5169,1581,0.0033,10,"techport_6225,techport_6226,techport_6230,techport_6236,techport_6249,techport_6258,techport_6261,techport_6265,techport_6282,techport_6285"
120,2026-04-30T16:08:59+00:00,claude-haiku-4-5-20251001,5505,2066,0.0040,10,"techport_6298,techport_6314,techport_6322,techport_6331,techport_6336,techport_6338,techport_6372,techport_6373,techport_6389,techport_6394"
121,2026-04-30T16:09:16+00:00,claude-haiku-4-5-20251001,4854,1527,0.0031,10,"techport_6408,techport_6423,techport_6431,techport_6432,techport_6448,techport_6451,techport_6452,techport_6457,techport_6468,techport_6470"
122,2026-04-30T16:09:27+00:00,claude-haiku-4-5-20251001,3940,1220,0.0025,10,"techport_6479,techport_6486,techport_6489,techport_6499,techport_6521,techport_6526,techport_6532,techport_6534,techport_6535,techport_6536"
123,2026-04-30T16:09:37+00:00,claude-haiku-4-5-20251001,2454,1652,0.0027,10,"techport_6537,techport_6540,techport_6541,techport_6544,techport_6545,techport_6546,techport_6548,techport_6552,techport_6554,techport_6555"
124,2026-04-30T16:09:48+00:00,claude-haiku-4-5-20251001,2460,1882,0.0030,10,"techport_6557,techport_6562,techport_6563,techport_6568,techport_6569,techport_6571,techport_6572,techport_6575,techport_6576,techport_6577"
125,2026-04-30T16:10:03+00:00,claude-haiku-4-5-20251001,2450,1387,0.0023,10,"techport_6578,techport_6579,techport_6582,techport_6584,techport_6585,techport_6587,techport_6588,techport_6589,techport_6592,techport_6593"
126,2026-04-30T16:10:12+00:00,claude-haiku-4-5-20251001,2476,1723,0.0028,10,"techport_6596,techport_6597,techport_6598,techport_6604,techport_6606,techport_6609,techport_6610,techport_6612,techport_6615,techport_6616"
127,2026-04-30T16:10:26+00:00,claude-haiku-4-5-20251001,4479,2048,0.0037,10,"techport_6617,techport_6623,techport_6624,techport_6656,techport_6671,techport_6677,techport_6678,techport_6692,techport_6704,techport_6708"
128,2026-04-30T16:10:43+00:00,claude-haiku-4-5-20251001,3631,2172,0.0036,10,"techport_6714,techport_6721,techport_6747,techport_6756,techport_6781,techport_6784,techport_6786,techport_6787,techport_6791,techport_6794"
129,2026-04-30T16:11:03+00:00,claude-haiku-4-5-20251001,2469,1240,0.0022,10,"techport_6797,techport_6798,techport_6799,techport_6801,techport_6802,techport_6803,techport_6804,techport_6805,techport_6806,techport_6808"
130,2026-04-30T16:11:12+00:00,claude-haiku-4-5-20251001,2469,1108,0.0020,10,"techport_6810,techport_6811,techport_6812,techport_6816,techport_6817,techport_6819,techport_6823,techport_6824,techport_6825,techport_6826"
131,2026-04-30T16:11:20+00:00,claude-haiku-4-5-20251001,2478,1456,0.0024,10,"techport_6827,techport_6828,techport_6830,techport_6831,techport_6833,techport_6835,techport_6837,techport_6838,techport_6839,techport_6840"
132,2026-04-30T16:11:31+00:00,claude-haiku-4-5-20251001,3450,1707,0.0030,10,"techport_6841,techport_6842,techport_6843,techport_6846,techport_6847,techport_6848,techport_6860,techport_6867,techport_6871,techport_6881"
133,2026-04-30T16:11:44+00:00,claude-haiku-4-5-20251001,2905,1318,0.0024,10,"techport_6883,techport_6888,techport_6889,techport_6890,techport_6896,techport_6909,techport_6916,techport_6918,techport_6921,techport_6922"
134,2026-04-30T16:11:54+00:00,claude-haiku-4-5-20251001,3401,1747,0.0030,10,"techport_6923,techport_6925,techport_6926,techport_6928,techport_6930,techport_6933,techport_6940,techport_6959,techport_6969,techport_6990"
135,2026-04-30T16:12:08+00:00,claude-haiku-4-5-20251001,3057,1798,0.0030,10,"techport_7000,techport_7002,techport_7005,techport_7006,techport_7007,techport_7010,techport_7011,techport_7012,techport_7013,techport_7015"
136,2026-04-30T16:12:22+00:00,claude-haiku-4-5-20251001,2462,1691,0.0027,10,"techport_7017,techport_7018,techport_7019,techport_7020,techport_7022,techport_7023,techport_7026,techport_7027,techport_7028,techport_7030"
137,2026-04-30T16:12:35+00:00,claude-haiku-4-5-20251001,2474,1665,0.0027,10,"techport_7031,techport_7033,techport_7035,techport_7036,techport_7037,techport_7039,techport_7040,techport_7041,techport_7042,techport_7043"
138,2026-04-30T16:12:48+00:00,claude-haiku-4-5-20251001,2469,1324,0.0023,10,"techport_7045,techport_7048,techport_7055,techport_7056,techport_7058,techport_7063,techport_7068,techport_7070,techport_7071,techport_7072"
139,2026-04-30T16:12:57+00:00,claude-haiku-4-5-20251001,2452,2119,0.0033,10,"techport_7074,techport_7076,techport_7077,techport_7079,techport_7081,techport_7083,techport_7087,techport_7089,techport_7091,techport_7093"
140,2026-04-30T16:13:15+00:00,claude-haiku-4-5-20251001,2458,1425,0.0024,10,"techport_7094,techport_7095,techport_7096,techport_7097,techport_7098,techport_7099,techport_7101,techport_7102,techport_7106,techport_7107"
141,2026-04-30T16:13:25+00:00,claude-haiku-4-5-20251001,2461,1260,0.0022,10,"techport_7108,techport_7109,techport_7110,techport_7114,techport_7119,techport_7127,techport_7128,techport_7131,techport_7133,techport_7135"
142,2026-04-30T16:13:34+00:00,claude-haiku-4-5-20251001,2451,1780,0.0028,10,"techport_7140,techport_7144,techport_7145,techport_7148,techport_7150,techport_7151,techport_7152,techport_7153,techport_7154,techport_7155"
143,2026-04-30T16:13:47+00:00,claude-haiku-4-5-20251001,2466,2090,0.0032,10,"techport_7156,techport_7157,techport_7158,techport_7159,techport_7160,techport_7169,techport_7171,techport_7172,techport_7173,techport_7174"
144,2026-04-30T16:14:04+00:00,claude-haiku-4-5-20251001,2774,1572,0.0027,10,"techport_7176,techport_7179,techport_7181,techport_7186,techport_7187,techport_7188,techport_71886,techport_7189,techport_7190,techport_7192"
145,2026-04-30T16:14:17+00:00,claude-haiku-4-5-20251001,2883,1560,0.0027,10,"techport_7193,techport_7196,techport_71988,techport_7199,techport_7200,techport_7202,techport_7203,techport_7204,techport_7206,techport_7207"
146,2026-04-30T16:14:31+00:00,claude-haiku-4-5-20251001,2439,1503,0.0025,10,"techport_7208,techport_7209,techport_7210,techport_7211,techport_7214,techport_7217,techport_7218,techport_7219,techport_7220,techport_7221"
147,2026-04-30T16:14:44+00:00,claude-haiku-4-5-20251001,2465,1344,0.0023,10,"techport_7224,techport_7225,techport_7227,techport_7228,techport_7229,techport_7230,techport_7232,techport_7235,techport_7236,techport_7237"
148,2026-04-30T16:14:55+00:00,claude-haiku-4-5-20251001,2450,1146,0.0020,10,"techport_7238,techport_7244,techport_7245,techport_7247,techport_7248,techport_7250,techport_7251,techport_7252,techport_7253,techport_7254"
149,2026-04-30T16:15:04+00:00,claude-haiku-4-5-20251001,3607,1630,0.0029,10,"techport_7256,techport_7257,techport_7258,techport_7259,techport_7261,techport_7269,techport_7289,techport_7310,techport_7314,techport_7317"
150,2026-04-30T16:15:16+00:00,claude-haiku-4-5-20251001,2484,1939,0.0030,10,"techport_7321,techport_7322,techport_7324,techport_7327,techport_7328,techport_7329,techport_7335,techport_7336,techport_7339,techport_7342"
151,2026-04-30T16:15:31+00:00,claude-haiku-4-5-20251001,2449,2228,0.0034,10,"techport_7345,techport_7346,techport_7348,techport_7349,techport_7352,techport_7353,techport_7354,techport_7355,techport_7359,techport_7363"
152,2026-04-30T16:15:48+00:00,claude-haiku-4-5-20251001,2488,1108,0.0020,10,"techport_7364,techport_7368,techport_7370,techport_7371,techport_7372,techport_7373,techport_7375,techport_7376,techport_7378,techport_7380"
153,2026-04-30T16:15:57+00:00,claude-haiku-4-5-20251001,2440,1265,0.0022,10,"techport_7385,techport_7388,techport_7389,techport_7393,techport_7395,techport_7397,techport_7398,techport_7399,techport_7400,techport_7402"
154,2026-04-30T16:16:06+00:00,claude-haiku-4-5-20251001,2468,1438,0.0024,10,"techport_7403,techport_7406,techport_7408,techport_7409,techport_7410,techport_7412,techport_7413,techport_7414,techport_7419,techport_7420"
155,2026-04-30T16:16:19+00:00,claude-haiku-4-5-20251001,2439,1568,0.0026,10,"techport_7421,techport_7422,techport_7423,techport_7424,techport_7425,techport_7426,techport_7427,techport_7430,techport_7431,techport_7433"
156,2026-04-30T16:16:31+00:00,claude-haiku-4-5-20251001,2458,1114,0.0020,10,"techport_7434,techport_7435,techport_7436,techport_7439,techport_7441,techport_7442,techport_7444,techport_7445,techport_7447,techport_7451"
157,2026-04-30T16:16:39+00:00,claude-haiku-4-5-20251001,2446,1651,0.0027,10,"techport_7454,techport_7456,techport_7457,techport_7458,techport_7460,techport_7461,techport_7463,techport_7464,techport_7465,techport_7467"
158,2026-04-30T16:16:50+00:00,claude-haiku-4-5-20251001,2444,1397,0.0024,10,"techport_7470,techport_7471,techport_7472,techport_7474,techport_7478,techport_7480,techport_7482,techport_7485,techport_7486,techport_7487"
159,2026-04-30T16:16:59+00:00,claude-haiku-4-5-20251001,2462,1379,0.0023,10,"techport_7488,techport_7489,techport_7490,techport_7491,techport_7492,techport_7494,techport_7496,techport_7498,techport_7501,techport_7502"
160,2026-04-30T16:17:09+00:00,claude-haiku-4-5-20251001,2463,1686,0.0027,10,"techport_7507,techport_7509,techport_7510,techport_7511,techport_7512,techport_7514,techport_7515,techport_7517,techport_7518,techport_7519"
161,2026-04-30T16:17:23+00:00,claude-haiku-4-5-20251001,2484,1321,0.0023,10,"techport_7521,techport_7524,techport_7525,techport_7526,techport_7530,techport_7531,techport_7533,techport_7534,techport_7535,techport_7536"
162,2026-04-30T16:17:32+00:00,claude-haiku-4-5-20251001,2752,1350,0.0024,10,"techport_7537,techport_7541,techport_7544,techport_7545,techport_7547,techport_7550,techport_7551,techport_7552,techport_7553,techport_7555"
163,2026-04-30T16:17:44+00:00,claude-haiku-4-5-20251001,2470,1463,0.0024,10,"techport_7556,techport_7557,techport_7558,techport_7559,techport_7560,techport_7565,techport_7566,techport_7567,techport_7572,techport_7574"
164,2026-04-30T16:17:54+00:00,claude-haiku-4-5-20251001,2479,1247,0.0022,10,"techport_7576,techport_7578,techport_7579,techport_7582,techport_7584,techport_7585,techport_7586,techport_7587,techport_7588,techport_7594"
165,2026-04-30T16:18:04+00:00,claude-haiku-4-5-20251001,2548,1270,0.0022,10,"techport_7596,techport_7597,techport_7598,techport_7600,techport_7602,techport_7605,techport_7611,techport_7612,techport_7613,techport_7616"
166,2026-04-30T16:18:13+00:00,claude-haiku-4-5-20251001,2828,1742,0.0029,10,"techport_7617,techport_7618,techport_7620,techport_7622,techport_7625,techport_7628,techport_7629,techport_7630,techport_7632,techport_7635"
167,2026-04-30T16:18:27+00:00,claude-haiku-4-5-20251001,2471,1781,0.0028,10,"techport_7636,techport_7637,techport_7639,techport_7642,techport_7644,techport_7646,techport_7648,techport_7650,techport_7652,techport_7653"
168,2026-04-30T16:18:42+00:00,claude-haiku-4-5-20251001,2469,1181,0.0021,10,"techport_7655,techport_7656,techport_7660,techport_7661,techport_7665,techport_7666,techport_7670,techport_7671,techport_7672,techport_7675"
169,2026-04-30T16:18:51+00:00,claude-haiku-4-5-20251001,2460,1264,0.0022,10,"techport_7680,techport_7681,techport_7683,techport_7686,techport_7689,techport_7690,techport_7691,techport_7692,techport_7693,techport_7695"
170,2026-04-30T16:19:00+00:00,claude-haiku-4-5-20251001,2440,1641,0.0027,10,"techport_7696,techport_7697,techport_7701,techport_7702,techport_7703,techport_7705,techport_7706,techport_7707,techport_7715,techport_7716"
171,2026-04-30T16:19:11+00:00,claude-haiku-4-5-20251001,2823,1791,0.0029,10,"techport_7719,techport_7720,techport_7722,techport_7723,techport_7724,techport_7725,techport_7728,techport_7729,techport_7730,techport_7736"
172,2026-04-30T16:19:27+00:00,claude-haiku-4-5-20251001,2769,1337,0.0024,10,"techport_7737,techport_7738,techport_7739,techport_7740,techport_7741,techport_7742,techport_7743,techport_7744,techport_7747,techport_7752"
173,2026-04-30T16:19:37+00:00,claude-haiku-4-5-20251001,4501,1485,0.0030,10,"techport_7754,techport_7764,techport_7766,techport_7767,techport_7769,techport_7771,techport_7774,techport_7780,techport_7782,techport_7807"
174,2026-04-30T16:19:48+00:00,claude-haiku-4-5-20251001,3225,1503,0.0027,10,"techport_7834,techport_7836,techport_7845,techport_7846,techport_7848,techport_7849,techport_7861,techport_7862,techport_7863,techport_7872"
175,2026-04-30T16:19:59+00:00,claude-haiku-4-5-20251001,2999,1437,0.0025,10,"techport_7873,techport_7874,techport_7875,techport_7876,techport_7877,techport_7883,techport_7884,techport_7887,techport_7903,techport_7904"
176,2026-04-30T16:20:10+00:00,claude-haiku-4-5-20251001,3919,2003,0.0035,10,"techport_7915,techport_7917,techport_7928,techport_7929,techport_7930,techport_7938,techport_7946,techport_7947,techport_7951,techport_7956"
177,2026-04-30T16:20:26+00:00,claude-haiku-4-5-20251001,4540,1548,0.0031,10,"techport_7958,techport_7960,techport_7967,techport_7969,techport_7981,techport_7994,techport_7996,techport_8018,techport_8019,techport_8034"
178,2026-04-30T16:20:38+00:00,claude-haiku-4-5-20251001,2444,1702,0.0027,10,"techport_8036,techport_8038,techport_8040,techport_8041,techport_8049,techport_8050,techport_8051,techport_8052,techport_8054,techport_8055"
179,2026-04-30T16:20:51+00:00,claude-haiku-4-5-20251001,2905,1506,0.0026,10,"techport_8057,techport_8058,techport_8059,techport_8060,techport_8067,techport_8068,techport_8069,techport_8070,techport_8071,techport_8083"
180,2026-04-30T16:21:03+00:00,claude-haiku-4-5-20251001,6120,1703,0.0037,10,"techport_8085,techport_8098,techport_8114,techport_8121,techport_8123,techport_8126,techport_8131,techport_8132,techport_8140,techport_8144"
181,2026-04-30T16:21:16+00:00,claude-haiku-4-5-20251001,3479,1323,0.0025,10,"techport_8146,techport_8162,techport_8172,techport_8173,techport_8176,techport_8177,techport_8178,techport_8180,techport_8181,techport_8191"
182,2026-04-30T16:21:25+00:00,claude-haiku-4-5-20251001,5562,1604,0.0034,10,"techport_8207,techport_8217,techport_8221,techport_8249,techport_8270,techport_8276,techport_8296,techport_8301,techport_8303,techport_8306"
183,2026-04-30T16:21:37+00:00,claude-haiku-4-5-20251001,3352,1355,0.0025,10,"techport_8308,techport_8339,techport_8358,techport_8378,techport_8380,techport_8381,techport_8389,techport_8390,techport_8394,techport_8395"
184,2026-04-30T16:21:47+00:00,claude-haiku-4-5-20251001,3756,1370,0.0027,10,"techport_8398,techport_8400,techport_8402,techport_8408,techport_8409,techport_8427,techport_8435,techport_8441,techport_8444,techport_8453"
185,2026-04-30T16:21:57+00:00,claude-haiku-4-5-20251001,6703,1735,0.0038,10,"techport_8466,techport_8471,techport_8472,techport_8485,techport_8490,techport_8524,techport_8535,techport_8539,techport_8555,techport_8560"
186,2026-04-30T16:22:11+00:00,claude-haiku-4-5-20251001,6400,1676,0.0037,10,"techport_8567,techport_8568,techport_8576,techport_8579,techport_8592,techport_8611,techport_8612,techport_8623,techport_8638,techport_8640"
187,2026-04-30T16:22:25+00:00,claude-haiku-4-5-20251001,6251,1550,0.0035,10,"techport_8650,techport_8652,techport_8654,techport_8657,techport_8671,techport_8675,techport_8678,techport_8698,techport_87041,techport_8706"
188,2026-04-30T16:22:37+00:00,claude-haiku-4-5-20251001,5932,1655,0.0036,10,"techport_8725,techport_8726,techport_8729,techport_8735,techport_8740,techport_8743,techport_8752,techport_8761,techport_8772,techport_8775"
189,2026-04-30T16:22:50+00:00,claude-haiku-4-5-20251001,6141,1887,0.0039,10,"techport_8799,techport_8801,techport_8807,techport_8810,techport_8813,techport_8817,techport_88223,techport_8826,techport_8829,techport_8831"
190,2026-04-30T16:23:03+00:00,claude-haiku-4-5-20251001,5801,2295,0.0043,10,"techport_8832,techport_8836,techport_88370,techport_88381,techport_8839,techport_88415,techport_8842,techport_88473,techport_88484,techport_8850"
191,2026-04-30T16:23:25+00:00,claude-haiku-4-5-20251001,6932,1905,0.0041,10,"techport_88511,techport_88515,techport_8856,techport_8860,techport_88644,techport_88653,techport_88654,techport_8878,techport_8879,techport_8880"
192,2026-04-30T16:23:39+00:00,claude-haiku-4-5-20251001,6331,1602,0.0036,10,"techport_8895,techport_8906,techport_89152,techport_8921,techport_8924,techport_8930,techport_8943,techport_89512,techport_89516,techport_89530"
193,2026-04-30T16:23:52+00:00,claude-haiku-4-5-20251001,6864,1733,0.0039,10,"techport_89535,techport_89543,techport_89554,techport_89572,techport_89573,techport_89584,techport_89617,techport_89663,techport_8968,techport_89698"
194,2026-04-30T16:24:06+00:00,claude-haiku-4-5-20251001,6605,2170,0.0044,10,"techport_8971,techport_89718,techport_89743,techport_89753,techport_89756,techport_8976,techport_89785,techport_89792,techport_89794,techport_89809"
195,2026-04-30T16:24:24+00:00,claude-haiku-4-5-20251001,6946,1606,0.0037,10,"techport_89816,techport_89849,techport_89850,techport_89888,techport_89890,techport_89928,techport_89929,techport_8993,techport_89930,techport_89976"
196,2026-04-30T16:24:36+00:00,claude-haiku-4-5-20251001,7020,1658,0.0038,10,"techport_89979,techport_8999,techport_89994,techport_89996,techport_90006,techport_90012,techport_90017,techport_90050,techport_90059,techport_90077"
197,2026-04-30T16:24:49+00:00,claude-haiku-4-5-20251001,6861,2317,0.0046,10,"techport_90090,techport_90101,techport_90129,techport_90164,techport_90181,techport_90224,techport_90257,techport_90259,techport_9028,techport_90293"
198,2026-04-30T16:25:47+00:00,claude-haiku-4-5-20251001,6812,1982,0.0042,10,"techport_90306,techport_90330,techport_90392,techport_90395,techport_9042,techport_90426,techport_90466,techport_90494,techport_9053,techport_90551"
199,2026-04-30T16:26:02+00:00,claude-haiku-4-5-20251001,6650,1634,0.0037,10,"techport_90578,techport_9060,techport_9063,techport_9064,techport_90786,techport_9079,techport_9080,techport_9082,techport_9092,techport_91017"
200,2026-04-30T16:26:14+00:00,claude-haiku-4-5-20251001,4933,1814,0.0035,10,"techport_9102,techport_91020,techport_9105,techport_91172,techport_91182,techport_91211,techport_91283,techport_91325,techport_91327,techport_91334"
201,2026-04-30T16:26:28+00:00,claude-haiku-4-5-20251001,5626,1606,0.0034,10,"techport_91339,techport_91342,techport_91346,techport_91358,techport_91359,techport_9137,techport_91373,techport_91374,techport_91377,techport_91381"
202,2026-04-30T16:26:40+00:00,claude-haiku-4-5-20251001,6168,1661,0.0036,10,"techport_9139,techport_91409,techport_91419,techport_91440,techport_91453,techport_91468,techport_91475,techport_91495,techport_91497,techport_91510"
203,2026-04-30T16:26:53+00:00,claude-haiku-4-5-20251001,5591,1644,0.0035,10,"techport_9153,techport_91534,techport_91538,techport_91566,techport_91574,techport_9158,techport_91626,techport_91632,techport_91638,techport_91663"
204,2026-04-30T16:27:06+00:00,claude-haiku-4-5-20251001,5696,1621,0.0035,10,"techport_91667,techport_91668,techport_91671,techport_91680,techport_9170,techport_91708,techport_91732,techport_91756,techport_91761,techport_91762"
205,2026-04-30T16:27:19+00:00,claude-haiku-4-5-20251001,6057,1700,0.0036,10,"techport_91765,techport_91767,techport_91777,techport_91780,techport_9188,techport_91885,techport_9195,techport_9196,techport_9199,techport_9205"
206,2026-04-30T16:27:33+00:00,claude-haiku-4-5-20251001,6297,1788,0.0038,10,"techport_92054,techport_92069,techport_9214,techport_9219,techport_9221,techport_9222,techport_9234,techport_9244,techport_9250,techport_9253"
207,2026-04-30T16:27:47+00:00,claude-haiku-4-5-20251001,6191,1561,0.0035,10,"techport_9258,techport_92581,techport_9261,techport_92614,techport_92620,techport_92628,techport_92630,techport_92634,techport_9266,techport_9267"
208,2026-04-30T16:28:00+00:00,claude-haiku-4-5-20251001,6378,1441,0.0034,10,"techport_9268,techport_9271,techport_9272,techport_9273,techport_92732,techport_9279,techport_9286,techport_9287,techport_9288,techport_92914"
209,2026-04-30T16:28:11+00:00,claude-haiku-4-5-20251001,6618,1552,0.0036,10,"techport_92916,techport_92935,techport_9295,techport_93055,techport_93088,techport_93105,techport_93107,techport_93127,techport_93128,techport_9314"
210,2026-04-30T16:28:26+00:00,claude-haiku-4-5-20251001,5851,1983,0.0039,10,"techport_93156,techport_93162,techport_93167,techport_93168,techport_93177,techport_93182,techport_93195,techport_93198,techport_9323,techport_9325"
211,2026-04-30T16:28:40+00:00,claude-haiku-4-5-20251001,6522,1951,0.0041,10,"techport_9326,techport_9327,techport_9329,techport_93303,techport_93310,techport_93314,techport_93321,techport_93322,techport_93326,techport_93328"
212,2026-04-30T16:28:56+00:00,claude-haiku-4-5-20251001,6634,1728,0.0038,10,"techport_93345,techport_93346,techport_93350,techport_93352,techport_9337,techport_9338,techport_93400,techport_93415,techport_93427,techport_93475"
213,2026-04-30T16:29:10+00:00,claude-haiku-4-5-20251001,6491,1649,0.0037,10,"techport_93488,techport_93489,techport_93498,techport_93506,techport_93512,techport_93517,techport_93522,techport_93523,techport_93539,techport_93542"
214,2026-04-30T16:29:23+00:00,claude-haiku-4-5-20251001,6794,1684,0.0038,10,"techport_93546,techport_93559,techport_93562,techport_9357,techport_93570,techport_9358,techport_93583,techport_9359,techport_93601,techport_93633"
215,2026-04-30T16:29:35+00:00,claude-haiku-4-5-20251001,6553,1750,0.0038,10,"techport_93635,techport_93643,techport_93647,techport_93662,techport_93667,techport_93690,techport_93694,techport_93702,techport_93720,techport_93726"
216,2026-04-30T16:29:48+00:00,claude-haiku-4-5-20251001,6912,1668,0.0038,10,"techport_93728,techport_93737,techport_93757,techport_93771,techport_93772,techport_93782,techport_93827,techport_93828,techport_93836,techport_93844"
217,2026-04-30T16:30:00+00:00,claude-haiku-4-5-20251001,5936,1651,0.0035,10,"techport_93845,techport_93846,techport_93847,techport_93855,techport_93857,techport_93860,techport_93881,techport_93892,techport_93900,techport_93908"
218,2026-04-30T16:30:12+00:00,claude-haiku-4-5-20251001,5503,1294,0.0030,10,"techport_93910,techport_93912,techport_93919,techport_93921,techport_93940,techport_93945,techport_93948,techport_93956,techport_93957,techport_9396"
219,2026-04-30T16:30:23+00:00,claude-haiku-4-5-20251001,6446,1682,0.0037,10,"techport_93960,techport_94000,techport_94005,techport_94015,techport_94019,techport_94029,techport_94037,techport_94039,techport_94042,techport_94043"
220,2026-04-30T16:30:35+00:00,claude-haiku-4-5-20251001,6308,1635,0.0036,10,"techport_94046,techport_94047,techport_94078,techport_94094,techport_94104,techport_94108,techport_94112,techport_9412,techport_94124,techport_94125"
221,2026-04-30T16:30:49+00:00,claude-haiku-4-5-20251001,5589,1886,0.0038,10,"techport_9413,techport_94141,techport_94167,techport_94171,techport_94177,techport_94182,techport_94183,techport_94188,techport_94205,techport_94206"
222,2026-04-30T16:31:03+00:00,claude-haiku-4-5-20251001,6897,2190,0.0045,10,"techport_94207,techport_9423,techport_9436,techport_9437,techport_94458,techport_94465,techport_94479,techport_94480,techport_94492,techport_94497"
223,2026-04-30T16:31:22+00:00,claude-haiku-4-5-20251001,6638,1923,0.0041,10,"techport_94503,techport_94515,techport_94519,techport_94521,techport_94537,techport_94539,techport_94543,techport_94552,techport_94568,techport_94591"
224,2026-04-30T16:31:35+00:00,claude-haiku-4-5-20251001,6909,1788,0.0040,10,"techport_94601,techport_94603,techport_94607,techport_94612,techport_94613,techport_94615,techport_94622,techport_94623,techport_9464,techport_94643"
225,2026-04-30T16:31:48+00:00,claude-haiku-4-5-20251001,7043,1938,0.0042,10,"techport_94652,techport_94654,techport_9466,techport_94671,techport_94689,techport_94709,techport_94721,techport_94729,techport_94738,techport_94743"
226,2026-04-30T16:32:02+00:00,claude-haiku-4-5-20251001,5893,1761,0.0037,10,"techport_94759,techport_94762,techport_9477,techport_94770,techport_94776,techport_94791,techport_94860,techport_9492,techport_94922,techport_94925"
227,2026-04-30T16:32:17+00:00,claude-haiku-4-5-20251001,6918,1638,0.0038,10,"techport_94992,techport_9500,techport_95013,techport_95019,techport_9504,techport_95047,techport_95133,techport_95135,techport_95139,techport_95140"
228,2026-04-30T16:32:30+00:00,claude-haiku-4-5-20251001,6243,1673,0.0037,10,"techport_9535,techport_9547,techport_95492,techport_95496,techport_95501,techport_95506,techport_95512,techport_95513,techport_95515,techport_95521"
229,2026-04-30T16:32:43+00:00,claude-haiku-4-5-20251001,5359,1537,0.0033,10,"techport_95531,techport_95532,techport_95535,techport_95536,techport_95541,techport_95543,techport_95547,techport_95550,techport_95556,techport_95563"
230,2026-04-30T16:32:54+00:00,claude-haiku-4-5-20251001,6026,1624,0.0035,10,"techport_95606,techport_95608,techport_9562,techport_95620,techport_95623,techport_95632,techport_95639,techport_95641,techport_95645,techport_95657"
231,2026-04-30T16:33:06+00:00,claude-haiku-4-5-20251001,6226,1474,0.0034,10,"techport_95659,techport_95664,techport_95676,techport_95684,techport_9569,techport_95690,techport_95692,techport_95695,techport_9576,techport_9580"
232,2026-04-30T16:33:18+00:00,claude-haiku-4-5-20251001,5724,1796,0.0037,10,"techport_9585,techport_95876,techport_95916,techport_9593,techport_96034,techport_96075,techport_9611,techport_96127,techport_96129,techport_9614"
233,2026-04-30T16:33:32+00:00,claude-haiku-4-5-20251001,5920,2317,0.0044,10,"techport_96141,techport_96148,techport_96158,techport_96168,techport_9617,techport_96183,techport_96187,techport_96189,techport_96194,techport_96202"
234,2026-04-30T16:33:52+00:00,claude-haiku-4-5-20251001,6496,2247,0.0044,10,"techport_96208,techport_9631,techport_9634,techport_9640,techport_9643,techport_96432,techport_9655,techport_96599,techport_9664,techport_9670"
235,2026-04-30T16:34:11+00:00,claude-haiku-4-5-20251001,6486,1921,0.0040,10,"techport_9676,techport_9688,techport_9690,techport_9694,techport_9696,techport_9700,techport_9715,techport_9731,techport_9745,techport_9754"
236,2026-04-30T16:34:26+00:00,claude-haiku-4-5-20251001,6826,1615,0.0037,10,"techport_9758,techport_9770,techport_9775,techport_9777,techport_9779,techport_9781,techport_9786,techport_9788,techport_9793,techport_9811"
237,2026-04-30T16:34:38+00:00,claude-haiku-4-5-20251001,7026,1780,0.0040,10,"techport_9814,techport_9827,techport_9831,techport_9836,techport_9857,techport_9872,techport_9877,techport_9879,techport_9885,techport_9887"
238,2026-04-30T16:34:52+00:00,claude-haiku-4-5-20251001,3556,1497,0.0028,10,"techport_9904,techport_9918,techport_9931,techport_9932,techport_9934,techport_9936,techport_9937,techport_9938,techport_9939,techport_9948"
239,2026-04-30T16:35:04+00:00,claude-haiku-4-5-20251001,4098,1334,0.0027,7,"techport_9959,techport_9961,techport_9963,techport_9975,techport_9982,techport_9983,techport_9998"
